global_rank,step,eval/aime24_mean_fitness,eval/aime25_mean_fitness,eval/amc_mean_fitness,eval/math_mean_fitness,eval/minerva_mean_fitness,eval/olympiad_bench_mean_fitness,training_time_s,run,composite_score
1,20,0.3125,0.203125,0.546875,0.8515625,0.3359375,0.3515625,78527.55685782433,rebuttal-orz-grpo-no-norm-math2_orz57k-Qwen3-4B-P16384-B16-S1-no_std-scale_lr-l4096-n4-lr0.0002-sigma0.001-r1-alpha1-seed0-gpus64--1774570885,0.43359375
2,20,0.2578125,0.1875,0.53125,0.78125,0.359375,0.3359375,77018.23436403275,rebuttal-orz-grpo-no-norm-math2_orz57k-Qwen3-4B-P256-B16-S1-no_std-scale_lr-l4096-n4-lr0.001-sigma0.001-r1-alpha1-seed0-gpus1--1774567856,0.4088541666666667
3,20,0.21875,0.140625,0.515625,0.84375,0.328125,0.3046875,83791.01625323296,rebuttal-deepscaler-grpo-no-norm-math2_deepscaler40k-Qwen3-4B-P16384-B16-S1-no_std-scale_lr-l4096-n4-lr0.0002-sigma0.001-r1-alpha1-seed0-gpus64--1774570861,0.3919270833333333
4,20,0.171875,0.1484375,0.4765625,0.78125,0.3203125,0.3125,82151.40874290466,rebuttal-deepscaler-grpo-no-norm-math2_deepscaler40k-Qwen3-4B-P256-B16-S1-no_std-scale_lr-l4096-n4-lr0.001-sigma0.001-r1-alpha1-seed0-gpus1--1774568707,0.3684895833333333
5,10,0.2421875,0.1171875,0.4609375,0.7578125,0.3203125,0.296875,43661.81184411049,rebuttal-orz-grpo-no-norm-math2_orz57k-Qwen3-4B-P16384-B16-S1-no_std-scale_lr-l4096-n4-lr0.0002-sigma0.001-r1-alpha1-seed0-gpus64--1774570885,0.3658854166666667
6,20,0.1796875,0.140625,0.46875,0.7890625,0.3125,0.296875,81981.64885807037,rebuttal-orz-grpo-no-norm-math2_orz57k-Qwen3-4B-P4096-B16-S1-no_std-scale_lr-l4096-n4-lr0.0002-sigma0.001-r1-alpha1-seed0-gpus16--1774570378,0.3645833333333333
7,20,0.171875,0.109375,0.4453125,0.796875,0.28125,0.2578125,84510.92285299301,rebuttal-deepscaler-grpo-no-norm-math2_deepscaler40k-Qwen3-4B-P4096-B16-S1-no_std-scale_lr-l4096-n4-lr0.0002-sigma0.001-r1-alpha1-seed0-gpus16--1774569205,0.34375
8,10,0.2109375,0.140625,0.40625,0.734375,0.28125,0.2578125,44607.4324195385,rebuttal-orz-grpo-no-norm-math2_orz57k-Qwen3-4B-P4096-B16-S1-no_std-scale_lr-l4096-n4-lr0.0002-sigma0.001-r1-alpha1-seed0-gpus16--1774570378,0.3385416666666667
9,10,0.1875,0.109375,0.3984375,0.78125,0.265625,0.2734375,46661.36045670509,rebuttal-deepscaler-grpo-no-norm-math2_deepscaler40k-Qwen3-4B-P16384-B16-S1-no_std-scale_lr-l4096-n4-lr0.0002-sigma0.001-r1-alpha1-seed0-gpus64--1774570861,0.3359375
10,10,0.1796875,0.1171875,0.40625,0.7265625,0.265625,0.2734375,42515.569886922836,rebuttal-orz-grpo-no-norm-math2_orz57k-Qwen3-4B-P256-B16-S1-no_std-scale_lr-l4096-n4-lr0.001-sigma0.001-r1-alpha1-seed0-gpus1--1774567856,0.328125
